Fatura,ID_Cliente,CNPJ,Razao_Social,Nome_Fantasia,Situacao_Cadastral,Data_Situacao_Cadastral,Motivo_Situacao,Natureza_Juridica,Data_Inicio_Atividade,CNAE_Principal_Codigo,CNAE_Principal_Descricao,Porte,Capital_Social,Simples_Nacional,MEI,Email,Telefone,CEP_Receita,Logradouro_Receita,Numero_Receita,Complemento_Receita,Bairro_Receita,Municipio_Receita,UF_Receita
1,2248075,52611183000185,VIDEIRA TRANSPORTES RODOVIARIOS LTDA,,ATIVA,2003-11-15,SEM MOTIVO,,1983-06-07,4930203,Transporte rodoviário de produtos perigosos,,15000000,,,,000000000000,09842000,ASSUMPTA SABATINI ROSSI,1500,,BATISTINI,SAO BERNARDO DO CAMPO,SP
2,2321987,54454862000113,GLN HOME LTDA,GLN HOME,ATIVA,2024-03-25,SEM MOTIVO,,2024-03-25,4755503,"Comercio varejista de artigos de cama, mesa e banho",,10000,False,False,,1896309918,19040520,TANCREDO NEVES,1238,,VILA BRASIL,PRESIDENTE PRUDENTE,SP
6,1718601,50764489000146,BIA PNEUS LTDA - EM RECUPERACAO JUDICIAL,,ATIVA,2004-11-26,SEM MOTIVO,,1982-07-13,2212900,Reforma de pneumáticos usados,,201120,,,,1831174500,16902160,JOSE GARCIA DE FREITAS,46,,DISTRITO INDUSTRIAL,ANDRADINA,SP
7,2899435,41499463000127,HUB URBANIDADE LTDA,,ATIVA,2021-04-08,SEM MOTIVO,,2021-04-08,6319400,"Portais, provedores de conteúdo e outros serviços de informação na internet",,50000,True,False,,4784129974,89223005,ROLF WIEST,277,ANDAR 2 SALA 219,BOM RETIRO,JOINVILLE,SC
8,156542,12355718000180,CARRILHO AREIA E PEDRA LTDA,CARRILHO AREIA E PEDRA,ATIVA,2010-07-01,SEM MOTIVO,,2010-07-01,4744004,"Comércio varejista de cal, areia, pedra britada, tijolos e telhas",,15000,True,False,,1239361486,12228271,LAUDELINO GONCALVES DE MIRANDA,235,,JARDIM SANTA JULIA,SAO JOSE DOS CAMPOS,SP
10,817098,13052034000171,MARCELO GOMES DE OLIVEIRA METAIS,METTA INDUSTRIA E COMERCIO DE METAIS,ATIVA,2010-11-16,SEM MOTIVO,,2010-11-16,3211602,Fabricação de artefatos de joalheria e ourivesaria,,100000,False,False,,,13631030,,,,CENTRO,PIRASSUNUNGA,SP
11,572039,40699468000130,J.C. TERCEIRIZACAO EM MATERIAIS ELETRICOS LTDA,J.C. TERCEIRIZACAO,ATIVA,2021-02-03,SEM MOTIVO,,2021-02-03,2732500,Fabricação de material elétrico para instalações em circuito de consumo,,30000,True,False,,1995307274,13615686,ORLANDO LEME FRANCO,2175,,ALTO DA BOA VISTA,LEME,SP
13,2479473,55768641000182,DONA ROMA DECORACAO LTDA,DONA ROMA DECOR,ATIVA,2024-07-02,SEM MOTIVO,,2024-07-02,7410202,Design de interiores,,200000,True,False,,6784110220,79602050,DOUTOR MUNIR THOME,814,,CENTRO,TRES LAGOAS,MS
14,484049,03695145000142,ASSOCIACAO COMERCIAL E INDUSTRIAL DE TRES LAGOAS,,ATIVA,2002-12-28,SEM MOTIVO,,1976-08-17,9411100,Atividades de organizações associativas patronais e empresariais,,0,,,,,79645020,WILSON CARVALHO VIANA,519,,SANTO ANDRE,TRES LAGOAS,MS
15,2094686,36383010000109,STUTZ TATTOO PIERCING E BARBEARIA LTDA,,ATIVA,2020-02-14,SEM MOTIVO,,2020-02-14,9602501,"Cabeleireiros, manicure e pedicure",,104500,True,False,,1141376902,06440180,GENERAL DE DIVISAO DE PEDRO RODRIGUES DA SILVA,400,LOJA 1060 PAVMTOL 1,ALDEIA,BARUERI,SP
16,1971300,44797975000400,BRUNER INDUSTRIA E COMERCIO LTDA,JOIAS BRUNER,ATIVA,2003-05-31,SEM MOTIVO,,1981-01-12,4783101,Comércio varejista de artigos de joalheria,,1208000,,,,1935617522,13630095,DUQUE DE CAXIAS,1895,,CENTRO,PIRASSUNUNGA,SP
18,2815121,21256480000126,PERES & PERES COMERCIO DE PECAS LTDA,,ATIVA,2014-10-17,SEM MOTIVO,,2014-10-17,4530701,Comércio por atacado de peças e acessórios novos para veículos automotores,,20000,True,False,,1440097202,17031382,CARLOS RIBEIRO VIANNA,3-89,SALA 1,PARQUE PAULISTA,BAURU,SP
21,747833,22049148000153,22.049.148 CLAUDIO ROBSON TOBIAS,,ATIVA,2015-03-13,SEM MOTIVO,,2015-03-13,4751201,Comércio varejista especializado de equipamentos e suprimentos de informática,,10000,True,True,,,17010031,,,,CENTRO,BAURU,SP
23,1291973,17113900000148,AB BETTO COMERCIO DE CALCADOS LTDA,LAURA MONTINI,ATIVA,2012-11-05,SEM MOTIVO,,2012-11-05,1531901,Fabricação de calçados de couro,,72400,True,False,,1336215357,17212350,MIGUEL ANTONIO FORASTIERI,191,,JARDIM DOUTOR LUCIANO,JAU,SP
27,309673,10473797000106,"REDONDACO CIMENTO, CAL E ACO LTDA.","REDONDACO CIMENTO, CAL E ACO",ATIVA,2008-11-12,SEM MOTIVO,,2008-11-12,4674500,Comércio atacadista de cimento,,50000,False,False,,1836424833,16201191,ANTONIO DA SILVA NUNES,2.440,,RECANTO VERDE II,BIRIGUI,SP
29,50613,02027538001197,"TRANSPORTES, TERRAPLENAGENS E PARTICIPACOES RUBAO LTDA",,ATIVA,2015-09-15,SEM MOTIVO,,2015-09-15,4744099,Comércio varejista de materiais de construção em geral,,5000000,,,,1333171221,11250003,ROD DOUTOR MANOEL HYPOLITTO DO REGO,10,KM 220,JD ANA PAULA,BERTIOGA,SP
32,1958699,62375191000638,BARRACAO SUPERMERCADO LTDA,,ATIVA,2014-08-25,SEM MOTIVO,,2014-08-25,4711302,"Comércio varejista de mercadorias em geral, com predominância de produtos alimentícios - supermercados",,5000000,,,,1432048380,17056000,CASTELO BRANCO QUADRA,32-05,,VILA IPIRANGA,BAURU,SP
33,124838,54334214000123,ASSOCIACAO RESIDENCIAL ECOLOGICA PATRIMONIO DO CARMO,,ATIVA,2005-07-09,SEM MOTIVO,,1987-08-11,9430800,Atividades de associações de defesa de direitos sociais,,0,,,,1147174133,18145342,ESTRUTURAL SUL,800,,BAIRRO DO CARMO (CANGUERA),SAO ROQUE,SP
37,2724617,41605675000141,JUNIOR TRANSPORTES ARACATUBA LTDA,JUNIOR TRANSPORTES,ATIVA,2021-04-16,SEM MOTIVO,,2021-04-16,4930201,"Transporte rodoviário de carga, exceto produtos perigosos e mudanças, municipal.",,150000,False,False,,1897279708,16075245,PROFESSOR RUBENS REGO FONTAO,123,FUNDOS.,PARQUE INDUSTRIAL,ARACATUBA,SP
39,1928102,07479395000104,EDIFICIO PLAZA D' ESPANA,,ATIVA,2005-06-09,SEM MOTIVO,,2005-06-09,8112500,Condomínios prediais,,0,,,,1430420072,17012633,PROF. DURVAL GUEDES DE AZEVEDO,2-93,,JD INF DOM HENRIQUE,BAURU,SP
41,2203236,15667475001347,DRYCAR TECNOLOGIA E SERVICOS LTDA,DRYWASH IGUATEMI ESPLANADA,ATIVA,2020-10-01,SEM MOTIVO,,2020-10-01,4520005,"Serviços de lavagem, lubrificação e polimento de veículos automotores",,100000,False,False,,1125006767,18110902,GISELE CONSTANTINO,1850,QUIOSQPONTO SETOR C SUBSL PISO,PARQUE BELA VISTA,VOTORANTIM,SP
42,2478384,01937440000302,TRANSPANORAMA TRANSPORTES S.A.,,ATIVA,2007-10-11,SEM MOTIVO,,2007-10-11,4930202,"Transporte rodoviário de carga, exceto produtos perigosos e mudanças, intermunicipal, interestadual e internacional",,200834060,,,,4432610000,13279400,CLARK,1947,SALA 01 E 02,MACUCO,VALINHOS,SP
44,1178125,14638164000153,EMPREENDIMENTO IMOBILIARIO GOIATUBA SPE LTDA,,ATIVA,2011-11-07,SEM MOTIVO,,2011-11-07,6810203,Loteamento de imóveis próprios,,8000000,,,,6232741525,74255220,T-09,2439,QUADRA529 LOTE 01/02 SALA 03,JARDIM AMERICA,GOIANIA,GO
48,2335603,05431544000121,IGREJA PENTECOSTAL DEUS VIVO,,ATIVA,2002-12-06,SEM MOTIVO,,2002-12-06,9491000,Atividades de organizações religiosas ou filosóficas,,0,,,,1938612800,13848059,HONORIO ORLANDO MARTINI,2254,,JARDIM NOVO DOIS,MOGI GUACU,SP
49,13249,49669856006265,VESTE S.A. ESTILO,LE LIS BLANC DEUX,ATIVA,2010-09-16,SEM MOTIVO,,2010-09-16,4781400,Comércio varejista de artigos do vestuário e acessórios,,935140500,,,,1121492500,06709015,RAPOSO TAVARES,S/N,"KM 23,5 LOJA 240",GRANJA VIANA,COTIA,SP
51,117391,02116756000126,NEO GEO WORLD DO BRASIL ENTRETENIMENTOS E EMPREENDIMENTOS LTDA.,NEO GEO FAMILY,ATIVA,2000-01-08,SEM MOTIVO,,1997-08-19,9329899,Outras atividades de recreação e lazer não especificadas anteriormente,,4553300,,,,1120869999,07042040,ENGENHEIRO CAMILO OLIVETTI,295,TERREO SALA C-36D E C-37,VILA ENDRES,GUARULHOS,SP
54,2034979,07731056000246,ITAVEMA MOTORS VEICULOS LTDA,,ATIVA,2012-09-18,SEM MOTIVO,,2012-09-18,4511101,"Comércio a varejo de automóveis, camionetas e utilitários novos",,23195318,,,,2121978400,25085131,BRIGADEIRO LIMA E SILVA,521,E 531,PARQUE DUQUE,DUQUE DE CAXIAS,RJ
55,2404466,07515086000134,CONDOMINIO RESIDENCIAL BELA VISTA,CONDOMINIO RESIDENCIAL BELA VISTA,ATIVA,2005-02-02,SEM MOTIVO,,2005-02-02,8112500,Condomínios prediais,,0,,,,1434133360,17206450,EGISTO FRANCESCHI,2000,,LOTEAMENTO INDUSTRIA,JAU,SP
56,2026036,53533749000160,W VIP MADUREIRA PERFUMARIA LTDA,,ATIVA,2024-01-17,SEM MOTIVO,,2024-01-17,4772500,"Comércio varejista de cosméticos, produtos de perfumaria e de higiene pessoal",,30000,,,,2136490883,21351051,DO PORTELA,00222,LOJ 181,MADUREIRA,RIO DE JANEIRO,RJ
58,2125089,14171975000197,IGREJA PENTECOSTAL DEUS VIVO MINISTERIO PASTORES NILSON E SOLANGE SANTOS,I.P.D.V,INAPTA,2026-05-26,OMISSAO DE DECLARACOES,,2011-05-25,9491000,Atividades de organizações religiosas ou filosóficas,,0,,,,1125669800,08572010,BRASIL,1078,,JARDIM EUROPA,ITAQUAQUECETUBA,SP
61,373862,38539858000100,LUMIE CALCADOS E ACESSORIOS LTDA,LUMIE,ATIVA,2020-09-18,SEM MOTIVO,,2020-09-18,4782201,Comércio varejista de calçados,,30000,True,False,,1897183251,16204156,AMARELA,1021,,JARDIM ARCO-IRIS,BIRIGUI,SP
62,2624877,02835880000141,APM DA EM JOCINEIA DE MELO,APM DA EM JOCINEIA DE MELO,ATIVA,,SEM MOTIVO,,1998-06-25,9430800,Atividades de associações de defesa de direitos sociais,,0,,,,01142432118,06719052,DAS AMEIXEIRAS,451,,JARDIM PETROPOLIS,COTIA,SP
63,293802,06125086000165,LEC BRASIL GESTAO COMERCIAL LTDA,LEC BRASIL,ATIVA,2004-10-23,SEM MOTIVO,,2004-03-02,8299701,"Medição de consumo de energia elétrica, gás e água",,6937000,,,,1833022400,05001000,FRANCISCO MATARAZZO,404,SALA 01 CONJ 601 ANDAR 6,AGUA BRANCA,SAO PAULO,SP
64,40053,29400457000175,BELLA CALCADOS E ACESSORIOS LTDA,BELLA CALCADOS,ATIVA,2018-01-10,SEM MOTIVO,,2018-01-10,4782201,Comércio varejista de calçados,,120000,True,False,,1194886288,06460030,PIRACEMA,669,LOJA STBS075E TERREO,TAMBORE,BARUERI,SP
65,747675,13753335000122,A. DE O. M. PEREIRA,,ATIVA,2011-05-23,SEM MOTIVO,,2011-05-23,4789008,Comércio varejista de artigos fotográficos e para filmagem,,5000,True,True,,,17014040,,,,VILA NOVA SANTA CLARA,BAURU,SP
68,384266,49847361000167,CARTORIO DO REGISTRO CIVIL DAS PESSOAS NAT E ANEXOS,CARTORIO DO REGISTRO CIVIL DAS PESSOAS NAT E ANEXOS,ATIVA,1998-07-28,SEM MOTIVO,,1981-03-19,6912500,Cartórios,,0,,,,1832631093,19380000,BRASIL,105-A,,CENTRO,RIBEIRAO DOS INDIOS,SP
69,438984,25214506000124,CONDOMINIO CARIBBEAN RESIDENCE CLUB ARUBA,ARUBA,ATIVA,2016-06-23,SEM MOTIVO,,2016-06-23,8112500,Condomínios prediais,,0,,,,1934464400,13484500,CARLOS GUILHERME SCHNOOR,100,,CHACARA ANTONIETA,LIMEIRA,SP
70,1907487,21591194000117,21.591.194 RAQUEL DALANEZA PONGETTI,,ATIVA,2022-06-08,SEM MOTIVO,,2014-12-19,5612100,Serviços ambulantes de alimentação,,1000,True,True,,,17360290,,,,JARDIM PAULISTA,TORRINHA,SP
71,811550,12932443000280,FH & MARTINS TRANSPORTES PARAISO LTDA,,ATIVA,2013-07-25,SEM MOTIVO,,2013-07-25,4930202,"Transporte rodoviário de carga, exceto produtos perigosos e mudanças, intermunicipal, interestadual e internacional",,516000,False,False,,1930532711,13611220,ALBINO ROEL,127,,JARDIM RESIDENCIAL MARIANA,LEME,SP
75,2449840,19428778000124,PASTORI E CIA TRANSPORTES LTDA.,PASTORI TRANSPORTES,ATIVA,2013-12-18,SEM MOTIVO,,2013-12-18,4930201,"Transporte rodoviário de carga, exceto produtos perigosos e mudanças, municipal.",,30000,,,,1436561700,13498222,RALPHO ELISIO MONTEIRO DOS SANTOS,586,,PARQUE INDUSTRIAL E EMPRESARIAL CATHARINA BIAZIO,IRACEMAPOLIS,SP
76,506156,09027741000130,JOSE ANTONIO MOREIRA QUEIROZ MILANEZI,VITORIA GAS,ATIVA,2007-08-30,SEM MOTIVO,,2007-08-30,4784900,Comércio varejista de gás liqüefeito de petróleo (GLP),,20000,False,False,,,79610060,,,,JD ALVORADA,TRES LAGOAS,MS
77,21734,26705874000138,G PLAZA COMERCIO VAREJISTA DE ALIMENTOS LTDA,GIRAFFAS,ATIVA,2016-12-13,SEM MOTIVO,,2016-12-13,5611201,Restaurantes e similares,,100000,False,False,,1122213104,09080500,INDUSTRIAL,600,LOJA F 20 A,JARDIM,SANTO ANDRE,SP
78,1293606,66580341000191,BESSI MATERIAIS PARA CONSTRUCAO LTDA,,ATIVA,2005-11-03,SEM MOTIVO,,1991-07-22,4744099,Comércio varejista de materiais de construção em geral,,12000,True,False,,,17280000,ANTONIO P DOS SANTOS,L 105,,VILA RUIZ,PEDERNEIRAS,SP
81,1861956,52269636000137,CLUBE RECREATIVO DE MARTINOPOLIS,CLUBE RECREATIVO DE MARTINOPOLIS,ATIVA,2022-08-10,SEM MOTIVO,,1977-12-06,9312300,"Clubes sociais, esportivos e similares",,0,,,,,19500000,CEL JOAO GOMES MARTINS,588,,CENTRO,MARTINOPOLIS,SP
82,2874302,63720070000134,AUTO POSTO EUCLIDES DA CUNHA LTDA,AUTO POSTO EUCLIDES DA CUNHA LTDA,ATIVA,2025-11-18,SEM MOTIVO,,2025-11-18,4731800,Comércio varejista de combustíveis para veículos automotores,,150000,,,,1839024225,19275027,JOSE JOAQUIM MANO,1682,,CENTRO,EUCLIDES DA CUNHA PAULISTA,SP
84,2855795,21526083000127,OMEGA COMERCIO E SERVICOS LTDA.,OMEGA COMERCIO E SERVICOS,ATIVA,2014-12-05,SEM MOTIVO,,2014-12-05,4673700,Comércio atacadista de material elétrico,,360000,True,False,,3137631693,36406150,GERALDO PLAZA,780,,PAULO VI,CONSELHEIRO LAFAIETE,MG
87,2393289,28445729000190,SOMOS SONHO LTDA,,ATIVA,2017-08-17,SEM MOTIVO,,2017-08-17,4643501,Comércio atacadista de calçados,,5000000,False,False,,2136090200,22743310,DO CAMPO D'AREIA,00132,,PECHINCHA,RIO DE JANEIRO,RJ
88,1210131,31576502000199,IGREJA EVANGELICA BLINDADOS POR DEUS,IGREJA EVANGELICA BLINDADOS POR DEUS,ATIVA,2018-08-09,SEM MOTIVO,,2018-08-09,9491000,Atividades de organizações religiosas ou filosóficas,,0,,,,1432371804,17021360,JOAO BATINI,3-57,,JARDIM GODOY,BAURU,SP
90,175851,36893412000145,ASSOCIACAO DA PEDRA PARA A ROCHA,,ATIVA,2019-04-05,SEM MOTIVO,,2019-04-05,8720499,"Atividades de assistência psicossocial e à saúde a portadores de distúrbios psíquicos, deficiência mental e dependência química e grupos similares não",,0,,,,1147820982,01215000,GLETE,485,,CAMPOS ELISEOS,SAO PAULO,SP
91,2314979,47786271000188,WAUX DISTRIBUIDORA E IMPORTADORA LTDA,,ATIVA,2022-08-31,SEM MOTIVO,,2022-08-31,4732600,Comércio varejista de lubrificantes,,100000,,,,1124022907,07251050,ARAUCARIA,108,SALA 02,AGUA CHATA,GUARULHOS,SP
93,2717676,52638797000150,LUMENS BRASIL ILUMINACAO LTDA,,ATIVA,2023-10-24,SEM MOTIVO,,2023-10-24,4742300,Comércio varejista de material elétrico,,50000,True,False,,5130151383,92420047,MCLANE,1106,,SAO LUIS,CANOAS,RS
95,2851553,37149733000100,ROGERIO COSTA GONCALVES IDIOMAS E EMPREENDIMENTOS,PARK IDIOMAS LAFAIETE,ATIVA,2020-05-15,SEM MOTIVO,,2020-05-15,8593700,Ensino de idiomas,,50000,True,False,,,36400029,,,,CENTRO,CONSELHEIRO LAFAIETE,MG
96,262464,18455277000174,ALEXANDRE KISHIMOTO,IMOBILIARIA ELDORADO,ATIVA,2013-07-08,SEM MOTIVO,,2013-07-08,6821801,Corretagem na compra e venda e avaliação de imóveis,,30000,True,False,,,16200095,,,,CENTRO,BIRIGUI,SP
98,2809655,65766119000115,LUZ DE BAURU SPE SA,,ATIVA,2026-03-17,SEM MOTIVO,,2026-03-17,3512300,Transmissão de energia elétrica,,23314000,,,,1421065799,17030000,RODRIGUES ALVES,3483,,VILA CARDIA,BAURU,SP
99,2026887,07302283000175,AUTO POSTO MOTTA CASTRO LTDA,,ATIVA,2005-03-30,SEM MOTIVO,,2005-03-30,4731800,Comércio varejista de combustíveis para veículos automotores,,300000,,,,1147125257,18145042,AMARO GODINHO,660,,CENTRO (CANGUERA),SAO ROQUE,SP
100,1268761,62955505880612,IGREJA DO EVANGELHO QUADRANGULAR,CRUZADA NACIONAL DE EVANGELIZACAO,ATIVA,2004-10-02,SEM MOTIVO,,1997-08-27,9491000,Atividades de organizações religiosas ou filosóficas,,0,,,,1132263131,13308123,PEDREGULHO,59,,CIDADE NOVA I,ITU,SP
